MemberID,FirstName,LastName,Email,RegisteredDate
1,Larry,Garrett,markadams@example.net,2023-02-14
2,Mary,Parker,ferrelljennifer@example.org,2023-09-05
3,Brian,Dillon,james53@example.com,2023-03-26
4,Christina,Anderson,jacksonbilly@example.org,2023-06-03
5,Olivia,Parker,njensen@example.net,2023-06-03
6,Beth,Miller,courtney82@example.org,2023-05-13
7,Gerald,May,derek64@example.org,2023-06-23
8,Charlene,Zimmerman,qgray@example.com,2023-07-18
9,David,Lopez,jenkinsjessica@example.com,2023-09-27
10,Tina,Davis,zsanders@example.net,2023-04-27
11,Jennifer,Clark,danielfrazier@example.org,2023-08-29
12,Laura,Higgins,kathythomas@example.org,2023-01-18
13,Mike,Quinn,robertbauer@example.net,2023-05-03
14,Tonya,Fischer,amy44@example.com,2023-01-15
15,Roberto,Norman,godonnell@example.com,2023-09-09
16,Gloria,Butler,reynoldsalexander@example.org,2023-02-25
17,Derek,Martin,sandraschmidt@example.net,2023-09-25
18,Sarah,Miranda,ntorres@example.org,2023-01-01
19,Diana,Smith,dmcdonald@example.net,2023-06-29
20,Brett,Joseph,jaygonzalez@example.org,2023-02-20
21,Jade,Flores,rachelsoto@example.net,2023-02-10
22,Kimberly,Diaz,sandra01@example.org,2023-01-23
23,Brittany,Collins,harrismegan@example.com,2023-07-23
24,Tammy,Anderson,gregorythomas@example.com,2023-04-11
25,James,Hampton,okelly@example.net,2023-07-18
26,Mario,Clark,vford@example.net,2023-02-03
27,Anthony,Black,zmartin@example.org,2023-07-18
28,Tina,Miller,kelseypatterson@example.org,2023-09-01
29,Shawn,Ortiz,kenneth44@example.com,2023-10-01
30,Brian,Mendoza,smorris@example.org,2023-09-17
31,John,Howard,emily25@example.org,2023-05-28
32,Suzanne,Griffin,aaron03@example.org,2023-06-15
33,David,Lindsey,lcardenas@example.net,2023-07-25
34,Jeremy,Riley,elizabethsnyder@example.net,2023-04-03
35,Heidi,Adams,ryan50@example.org,2023-03-01
36,Tammy,Phillips,elizabethmartin@example.net,2023-10-19
37,Crystal,Johnson,vbishop@example.org,2023-06-28
38,Emma,Klein,martin02@example.net,2023-06-04
39,Mark,Marshall,frederick50@example.net,2023-10-03
40,Meagan,Martin,pattersonchristina@example.org,2023-06-04
41,Justin,Mcguire,williamsrussell@example.net,2023-07-18
42,Daniel,Gray,gilbertchristopher@example.com,2023-09-01
43,Jason,Knight,kimashley@example.org,2023-02-14
44,Victoria,Cervantes,greenrebecca@example.net,2023-08-22
45,Pamela,Keller,wstephens@example.org,2023-07-06
46,Robert,Walker,smithshawn@example.com,2023-05-17
47,Stephanie,Moon,jenna52@example.net,2023-07-21
48,Jay,Boyer,robert21@example.com,2023-08-22
49,Theresa,Davis,jennifer15@example.net,2023-02-14
50,Michelle,Macdonald,tryan@example.net,2023-10-04
51,Carrie,Little,shughes@example.org,2023-04-20
52,Nicole,Reynolds,ijohnson@example.com,2023-06-20
53,Sarah,Brooks,aadams@example.net,2023-09-08
54,Kendra,Briggs,markperez@example.com,2023-09-28
55,Mark,Turner,smithcynthia@example.com,2023-09-21
56,Jessica,Santiago,danielle00@example.net,2023-09-16
57,Michael,Cruz,morgan97@example.org,2023-04-27
58,Rebecca,Hall,richardsjudy@example.com,2023-03-07
59,Hannah,Perkins,heather04@example.net,2023-07-08
60,Linda,King,christopher78@example.org,2023-06-27
61,Randy,Ponce,wbrown@example.com,2023-08-10
62,Walter,Parsons,hayesmaria@example.com,2023-05-01
63,Anthony,Hughes,brettmcgrath@example.com,2023-09-27
64,Adam,Martin,ronaldpetty@example.org,2023-01-09
65,Angela,Bowers,huffmanmelissa@example.net,2023-10-24
66,Angela,Mclaughlin,elizabethunderwood@example.com,2023-08-12
67,Sheri,Todd,john06@example.net,2023-02-21
68,Shannon,Knight,hughesnancy@example.org,2023-06-05
69,Nicholas,Solis,andreabishop@example.org,2023-03-09
70,Amy,Mays,talvarez@example.net,2023-03-14
71,Donald,Steele,gregoryswanson@example.com,2023-05-13
72,Patricia,Schroeder,wconner@example.com,2023-02-06
73,Kelly,Rodriguez,patrickveronica@example.org,2023-02-22
74,Jose,Jones,nthomas@example.net,2023-08-18
75,Savannah,Dawson,johnjordan@example.net,2023-05-10
76,Patrick,Jones,williamspencer@example.net,2023-04-27
77,Nicholas,Kaiser,smartinez@example.org,2023-02-04
78,Tony,Douglas,ymendez@example.org,2023-09-03
79,Melissa,Marshall,jamie12@example.net,2023-04-13
80,Carrie,Palmer,tinacolon@example.org,2023-08-06
81,Clinton,Hart,carpenterpatrick@example.com,2023-07-29
82,Martha,Edwards,cowantina@example.org,2023-07-23
83,Mark,Shelton,porterfrank@example.com,2023-01-20
84,Thomas,Foley,andrewnichols@example.net,2023-07-21
85,Rachel,Long,patrick05@example.org,2023-02-07
86,Tina,Vasquez,nicholas38@example.com,2023-03-20
87,David,Parrish,proctorjennifer@example.net,2023-03-17
88,Juan,Baldwin,sandovalpeter@example.net,2023-01-06
89,Scott,Edwards,simmonsthomas@example.org,2023-05-06
90,Kelly,Hunt,carolyn49@example.org,2023-03-28
91,Timothy,Gross,pcarey@example.com,2023-03-13
92,Richard,Byrd,stacy92@example.net,2023-06-18
93,Jay,Hill,abigailwhitney@example.com,2023-01-17
94,Tony,Lee,trevor16@example.com,2023-09-04
95,James,Lee,gilbertchris@example.net,2023-05-24
96,Daniel,Warner,johnsonderek@example.com,2023-01-18
97,Penny,Oconnor,patrickrodriguez@example.net,2023-07-04
98,Mark,Reynolds,phillipsdaniel@example.com,2023-01-12
99,Linda,Gilbert,douglas26@example.com,2023-05-27
100,Mary,Branch,vhess@example.com,2023-09-08
101,Dawn,Wallace,zacharyhawkins@example.org,2023-01-03
102,Lisa,Bailey,ismith@example.com,2023-08-29
103,Joshua,Soto,hessamanda@example.com,2023-05-08
104,Randy,Ortega,usalas@example.com,2023-10-14
105,Robert,Smith,donaldbanks@example.net,2023-08-09
106,Jimmy,Sanders,jacksonjohnny@example.org,2023-08-31
107,Kelly,Taylor,jason06@example.net,2023-04-20
108,Karen,Perkins,tuckerjessica@example.com,2023-10-15
109,Jeremy,Adams,barreramolly@example.net,2023-06-07
110,Susan,Schmitt,lroberts@example.com,2023-01-20
111,Rodney,Byrd,dianakeith@example.com,2023-09-05
112,Lauren,Collins,rsantos@example.org,2023-03-08
113,Donald,Cunningham,timothy36@example.net,2023-10-07
114,George,Franklin,ericenglish@example.com,2023-03-15
115,Lauren,Lucero,jasminehaynes@example.com,2023-10-04
116,Anthony,Kennedy,omckinney@example.com,2023-10-24
117,Michael,Maldonado,davistiffany@example.com,2023-10-05
118,Katrina,Edwards,benjamin64@example.org,2023-08-13
119,Alison,King,julie03@example.net,2023-05-22
120,Joseph,Perkins,byoung@example.net,2023-09-20
121,Sherry,Singleton,ryan36@example.org,2023-06-02
122,Richard,Harris,kelli86@example.com,2023-10-11
123,Charlotte,Garcia,hmitchell@example.com,2023-09-06
124,Jennifer,Pugh,munozkimberly@example.com,2023-03-30
125,Patricia,Blankenship,samanthamorales@example.net,2023-09-05
126,Brian,Lopez,vincentroberta@example.org,2023-07-12
127,Debra,Wolf,fmitchell@example.net,2023-07-22
128,Andrea,Sandoval,erin30@example.net,2023-03-09
129,Eddie,Hartman,carlamitchell@example.org,2023-05-22
130,Stephanie,Krueger,castroscott@example.com,2023-05-07
131,Jennifer,Monroe,holmesmonica@example.org,2023-02-20
132,Crystal,Dennis,danielsjacqueline@example.org,2023-01-05
133,Kevin,Lam,dthomas@example.com,2023-09-18
134,Lisa,Olsen,csantiago@example.com,2023-01-23
135,Jessica,Reeves,bgibbs@example.com,2023-09-16
136,Matthew,Best,rclay@example.org,2023-03-05
137,Erin,Holland,gregorylogan@example.net,2023-09-25
138,Jeffrey,Cook,phernandez@example.com,2023-07-10
139,James,Gardner,nicholascarter@example.org,2023-06-28
140,Charles,Obrien,fsmith@example.net,2023-08-31
141,Jeffrey,Novak,rosalessandra@example.org,2023-01-04
142,Jillian,Allen,prestonjoanna@example.net,2023-07-06
143,Jennifer,Smith,richard16@example.com,2023-01-01
144,Kevin,Johnson,yvettesmith@example.org,2023-05-08
145,Mark,Brooks,gonzalezjennifer@example.org,2023-09-21
146,Robert,Horn,hnavarro@example.org,2023-09-19
147,Christian,Mason,alexandriafarley@example.com,2023-04-11
148,Sarah,Rodriguez,davidfranklin@example.com,2023-08-21
149,Michael,Nielsen,hjohnson@example.org,2023-08-14
150,David,Robles,melendezjames@example.net,2023-08-10
151,Richard,Kramer,sullivandebra@example.com,2023-07-31
152,Janet,Brown,iperry@example.com,2023-04-27
153,Shawna,Henry,courtney79@example.com,2023-01-12
154,Juan,Burnett,kbaker@example.org,2023-03-17
155,Scott,Irwin,mallison@example.net,2023-07-05
156,Joanne,Rodriguez,fosteralejandro@example.net,2023-03-12
157,John,Morris,cjohnson@example.com,2023-03-19
158,Christopher,Cox,brettalexander@example.com,2023-04-09
159,Caitlin,Heath,alan35@example.org,2023-09-19
160,Amanda,Rasmussen,david14@example.net,2023-09-27
161,Jonathan,Holmes,singhjohn@example.net,2023-02-22
162,Courtney,Jones,george45@example.org,2023-04-01
163,Ann,Garcia,chloeanderson@example.com,2023-05-08
164,Kathleen,Ware,dstone@example.org,2023-09-01
165,Angela,Suarez,taylorryan@example.net,2023-04-26
166,Jacob,Carter,rbrown@example.org,2023-01-12
167,Benjamin,Deleon,zmurphy@example.com,2023-05-26
168,Edward,Hernandez,laura79@example.net,2023-07-30
169,Walter,Harris,catherine22@example.org,2023-04-04
170,Jessica,Warner,welchsherri@example.org,2023-04-08
171,Tyler,Smith,amber38@example.net,2023-07-04
172,Omar,Edwards,sylviajordan@example.org,2023-02-25
173,Juan,Smith,qperkins@example.org,2023-10-10
174,Cheryl,Bailey,smills@example.org,2023-06-24
175,Daniel,Rowe,david58@example.org,2023-02-07
176,Jamie,Cochran,morrisontara@example.com,2023-04-27
177,Scott,Joyce,baldwinmichael@example.net,2023-05-12
178,Michael,Cook,hhenry@example.org,2023-01-06
179,Billy,Jefferson,andersonryan@example.net,2023-09-25
180,Andrew,Jones,brandongonzales@example.net,2023-04-03
181,Susan,Rodriguez,kevin68@example.net,2023-05-15
182,Tammy,Jensen,bcarter@example.net,2023-08-23
183,Becky,Cooper,castrochristine@example.net,2023-08-07
184,Benjamin,Stevens,leslieburke@example.org,2023-02-16
185,Todd,Allen,pbrown@example.org,2023-03-15
186,Michael,Ramirez,vthomas@example.net,2023-10-14
187,Christopher,Edwards,jennifer42@example.net,2023-06-07
188,Valerie,Sanders,bestdebra@example.com,2023-06-20
189,Bruce,Hernandez,iadams@example.com,2023-06-17
190,Rebecca,Rodriguez,jamesboone@example.net,2023-10-07
191,George,Zhang,yfields@example.net,2023-10-13
192,Ruth,Powers,lanematthew@example.com,2023-09-13
193,Whitney,Manning,sjennings@example.org,2023-04-07
194,Charles,Reynolds,kochstephanie@example.com,2023-05-09
195,Timothy,Butler,sarah85@example.com,2023-10-22
196,Ashley,Rose,lwatts@example.net,2023-07-15
197,Karen,Oneal,riverajoshua@example.org,2023-06-11
198,Megan,Benton,sherialvarez@example.org,2023-09-17
199,Cindy,Alvarado,fgutierrez@example.net,2023-02-14
200,Lisa,Avila,andersonaustin@example.net,2023-09-17
201,Rachel,Montoya,nflores@example.net,2023-08-05
202,Daniel,Serrano,kjohnson@example.org,2023-05-10
203,Melinda,Zavala,isabel30@example.net,2023-09-12
204,Stephanie,Santana,daniel61@example.org,2023-08-17
205,Pamela,Brown,samantha80@example.org,2023-04-09
206,Katherine,Woodard,tjackson@example.org,2023-02-07
207,Christopher,Rodriguez,carolparker@example.org,2023-06-22
208,Jeffery,Thomas,cobblaura@example.com,2023-01-27
209,Christopher,Miller,goodmanautumn@example.org,2023-05-13
210,William,Boyd,nicholas47@example.net,2023-05-02
211,Gabriel,Bishop,markjohnson@example.com,2023-04-17
212,Anthony,Rose,sarah23@example.net,2023-02-01
213,Kathy,Love,shannon05@example.org,2023-06-18
214,Michael,Thomas,roberthoward@example.com,2023-09-15
215,Amanda,Shaw,kchambers@example.com,2023-06-21
216,Rachel,Smith,katrinawilson@example.org,2023-05-05
217,John,Daniels,udavis@example.org,2023-07-17
218,Jackson,Smith,tammy79@example.org,2023-10-11
219,Courtney,Powell,corey04@example.com,2023-10-14
220,Anthony,Cooper,gfleming@example.com,2023-01-09
221,Brandon,Hamilton,brett09@example.net,2023-05-02
222,Kayla,Richards,helenmckenzie@example.com,2023-09-20
223,Christopher,Hall,roachcindy@example.org,2023-04-19
224,Rachel,Finley,rossdaniel@example.org,2023-06-05
225,William,Bowen,patricia21@example.org,2023-06-25
226,Michael,Lopez,snydercarol@example.org,2023-10-21
227,Elizabeth,Mcdonald,cortiz@example.net,2023-03-25
228,Charles,Baker,prestonburch@example.com,2023-07-05
229,Rachel,Hurst,russell87@example.org,2023-05-07
230,Emily,Torres,crosbybrendan@example.net,2023-05-31
231,Gina,Burns,martinmargaret@example.org,2023-09-25
232,Deborah,Robinson,lisa04@example.net,2023-10-12
233,Bethany,Johnson,kmalone@example.com,2023-08-23
234,Danielle,Hernandez,megantaylor@example.com,2023-04-18
235,Brett,Shelton,zbenitez@example.org,2023-09-02
236,Robert,Weaver,carrpatrick@example.org,2023-05-18
237,Bruce,Robinson,mccormickerica@example.org,2023-07-07
238,Pamela,Martin,zlarson@example.net,2023-07-07
239,Patricia,Burton,acraig@example.net,2023-04-01
240,Nancy,Molina,sharon91@example.com,2023-07-25
241,Brianna,Rivera,blanchardjennifer@example.net,2023-06-17
242,Eric,Martin,trevor78@example.com,2023-02-28
243,Curtis,Morales,jacksontaylor@example.org,2023-08-22
244,Scott,Lowe,christianallen@example.org,2023-07-31
245,Melissa,Dennis,rodneyharris@example.org,2023-07-29
246,Kelsey,Myers,crobles@example.com,2023-07-29
247,James,Jackson,gutierrezdustin@example.net,2023-10-01
248,Brian,Vargas,xcole@example.net,2023-09-18
249,Samuel,Roberts,rnelson@example.org,2023-08-29
250,James,Jackson,stephanie96@example.com,2023-10-20
251,Katherine,Webster,uweber@example.net,2023-01-17
252,Tara,Lewis,dphillips@example.com,2023-01-14
253,Tiffany,Davis,amyscott@example.net,2023-05-18
254,Christine,Salazar,travistucker@example.com,2023-09-10
255,James,Harris,crivera@example.net,2023-04-06
256,Harold,Johnson,joshuagraves@example.net,2023-10-15
257,Kimberly,Hardy,bowersjessica@example.net,2023-08-04
258,Angelica,Barry,emily72@example.net,2023-04-22
259,Jeffrey,Nguyen,alyssa53@example.com,2023-03-16
260,Alicia,Wang,natalie34@example.com,2023-10-24
261,Eric,James,petersonbrandon@example.com,2023-10-18
262,Andrew,Harris,yvonne01@example.org,2023-06-15
263,Brad,Higgins,melinda93@example.net,2023-10-07
264,John,Gray,simpsonelizabeth@example.net,2023-03-07
265,Danielle,Morales,ureyes@example.org,2023-03-01
266,Mary,Bradford,hrodriguez@example.com,2023-06-01
267,Sandra,Key,jacquelinehall@example.com,2023-08-07
268,Tiffany,Scott,halljasmin@example.net,2023-01-19
269,Lori,Smith,kwhitehead@example.net,2023-06-26
270,Sheila,Carr,brianapadilla@example.net,2023-09-05
271,Yvette,Orozco,mary95@example.org,2023-01-24
272,Kenneth,Peterson,victoria47@example.com,2023-09-17
273,Jack,Delgado,robinsonmary@example.com,2023-08-24
274,James,Villarreal,kelly49@example.com,2023-05-17
275,Rachael,Dunn,jenniferkeller@example.net,2023-02-03
276,Melissa,Ray,abrown@example.net,2023-02-11
277,Stephanie,Peck,tammy11@example.com,2023-02-20
278,Raymond,Juarez,rachelclark@example.org,2023-06-16
279,James,Munoz,jennifersmith@example.net,2023-08-23
280,Andrew,Brown,paulbautista@example.com,2023-07-16
281,Elizabeth,Armstrong,tina09@example.net,2023-04-30
282,Scott,Ward,kristenmcbride@example.com,2023-01-28
283,Catherine,Travis,faith16@example.net,2023-07-23
284,William,Russo,seaton@example.org,2023-04-27
285,John,Sanchez,christopher78@example.net,2023-03-04
286,Rebecca,Rodriguez,vhines@example.net,2023-06-11
287,Latasha,Wright,austinbates@example.com,2023-10-24
288,Debra,Benson,gdickson@example.com,2023-05-04
289,Nancy,Wheeler,mcphersonbrian@example.com,2023-04-24
290,Vincent,Cameron,nsutton@example.net,2023-04-27
291,Todd,Coleman,russell17@example.org,2023-04-03
292,Mark,Sparks,melissaalvarado@example.org,2023-06-17
293,Lauren,Cox,craigmyers@example.org,2023-04-07
294,Todd,Cole,michellecook@example.net,2023-05-08
295,Dustin,Murphy,ugilbert@example.com,2023-04-20
296,Joshua,Gonzalez,gordonkaren@example.net,2023-07-08
297,Michael,Wiggins,ronniejones@example.org,2023-02-28
298,Travis,Rivera,quinnbrady@example.org,2023-04-11
299,Darren,Shepherd,cdennis@example.net,2023-07-13
300,Taylor,Poole,vbrown@example.com,2023-03-23
301,Andrea,Clark,qlewis@example.net,2023-05-27
302,Larry,Watson,jennifer84@example.com,2023-07-11
303,Gary,Fields,johnsonkevin@example.net,2023-03-22
304,Samuel,Daniels,ashleyhiggins@example.org,2023-05-31
305,Laura,Dominguez,nathaniel67@example.net,2023-03-29
306,Julia,Lee,clayton57@example.com,2023-03-17
307,Rebecca,Gonzalez,fergusonalan@example.org,2023-01-14
308,Judy,Walter,nmurray@example.com,2023-10-03
309,Aaron,Johnson,cpadilla@example.org,2023-04-22
310,Michael,Hinton,stevenolson@example.net,2023-09-19
311,Melissa,Lee,tsmith@example.net,2023-10-18
312,Jack,Fisher,williamsbenjamin@example.net,2023-06-06
313,James,Diaz,lewisjustin@example.net,2023-01-17
314,Nicholas,Walton,irodriguez@example.com,2023-07-26
315,Shawn,Lyons,rphillips@example.com,2023-06-24
316,Wendy,Nolan,pamelamiller@example.org,2023-09-05
317,Tina,Wilson,tyler28@example.net,2023-02-07
318,Megan,Burton,hmcgee@example.org,2023-05-27
319,Megan,Hines,milleralexis@example.com,2023-02-09
320,Samantha,Schneider,paul35@example.org,2023-01-30
321,Natasha,Stewart,estescody@example.com,2023-07-24
322,Ruth,Fisher,rodriguezsamuel@example.org,2023-04-23
323,Kimberly,Roberts,tiffanymorris@example.org,2023-10-07
324,April,Wilson,wjacobson@example.org,2023-08-08
325,Terry,Burns,kaitlin74@example.net,2023-07-02
326,Matthew,Moore,lunamelissa@example.org,2023-10-05
327,Pamela,Quinn,samantha61@example.com,2023-03-21
328,Laura,Christian,brownmark@example.org,2023-06-26
329,Crystal,Cook,dylan19@example.org,2023-09-25
330,Jessica,Weber,avincent@example.org,2023-08-06
331,Lindsey,Novak,acarter@example.org,2023-05-08
332,Edward,Carson,iwashington@example.org,2023-02-10
333,Michael,Morrow,noah26@example.net,2023-07-06
334,Paul,Williams,joelturner@example.net,2023-05-22
335,Christy,Johnson,athomas@example.org,2023-07-22
336,Ruben,Morrison,ccarroll@example.net,2023-02-09
337,Jeremy,Barton,brenda48@example.com,2023-07-26
338,Christopher,Johnson,brockvirginia@example.net,2023-08-11
339,Kim,Evans,richard58@example.net,2023-07-08
340,Alexis,Williams,odavis@example.com,2023-07-06
341,David,Phillips,brandon85@example.org,2023-01-08
342,Brent,Webb,teresawatkins@example.net,2023-04-25
343,Jacob,Robinson,john72@example.org,2023-07-14
344,Kelly,Fleming,rogersjoshua@example.com,2023-01-05
345,Ryan,Brown,lindsaybright@example.net,2023-01-04
346,Sarah,Huynh,solismichelle@example.net,2023-07-27
347,Ian,Nelson,steven73@example.com,2023-06-25
348,Jennifer,Curtis,ross98@example.net,2023-07-07
349,Kenneth,Wolfe,hbennett@example.com,2023-03-31
350,Kenneth,Lamb,austinrodriguez@example.com,2023-06-11
351,Christina,Owen,xholloway@example.org,2023-01-22
352,Catherine,Dixon,barrerarachel@example.org,2023-06-10
353,Andres,Matthews,juan95@example.org,2023-08-25
354,James,Wilson,sherihouse@example.org,2023-01-19
355,Christopher,Gonzalez,hoodgina@example.com,2023-10-07
356,Amanda,Robinson,baileywood@example.net,2023-07-23
357,Randy,West,uvillegas@example.com,2023-02-01
358,Louis,Hernandez,brianpierce@example.com,2023-08-17
359,Diane,Anderson,hollywilson@example.com,2023-10-17
360,Julie,Chandler,jhowell@example.com,2023-08-19
361,Alan,Sullivan,margaretcastillo@example.org,2023-05-06
362,Michael,Johnson,hrobertson@example.org,2023-06-26
363,Anne,Martinez,ericwilson@example.org,2023-09-13
364,Nathan,Lewis,mary06@example.net,2023-04-05
365,Zachary,Henry,valerie61@example.org,2023-05-26
366,Darrell,Smith,charles95@example.net,2023-09-18
367,Kent,Cortez,stewartsteven@example.com,2023-03-06
368,Angel,Carter,martinezkimberly@example.com,2023-02-03
369,Samantha,Simpson,russell41@example.org,2023-03-17
370,Alexis,Reid,sharonowens@example.net,2023-09-02
371,Michelle,Martin,patricia77@example.com,2023-08-28
372,Dennis,Carter,ewilliams@example.org,2023-08-07
373,Raymond,Gibbs,dlee@example.com,2023-07-13
374,Brooke,Elliott,robert04@example.org,2023-07-25
375,Jose,Kelly,mdavis@example.org,2023-02-22
376,Ashley,Fernandez,leslie97@example.com,2023-09-13
377,Gabriel,Howell,drakemicheal@example.org,2023-09-06
378,Cole,White,derrick75@example.org,2023-03-09
379,Christian,Anderson,emily71@example.net,2023-10-08
380,Randy,Jones,ortegatoni@example.org,2023-02-20
381,Lori,Hodge,lnelson@example.org,2023-08-23
382,Natalie,Silva,tyronegonzales@example.com,2023-03-28
383,Elizabeth,Hahn,hhoffman@example.org,2023-09-18
384,Taylor,Anderson,rodriguezrobert@example.net,2023-04-23
385,Katherine,Gutierrez,hoffmanmatthew@example.org,2023-05-04
386,Tiffany,Lowe,morganaaron@example.org,2023-08-02
387,Edward,Heath,astewart@example.net,2023-08-15
388,James,Long,steve39@example.com,2023-08-07
389,Wendy,Molina,jamie49@example.org,2023-07-29
390,Daniel,Mccarthy,jenniferwoodard@example.com,2023-04-20
391,Stacey,Johnston,connor49@example.com,2023-02-04
392,Patrick,Hines,marialowe@example.com,2023-05-22
393,Nicole,Allen,gbarnes@example.net,2023-04-29
394,Jose,Montes,moyerwilliam@example.com,2023-04-23
395,Scott,Hubbard,nancydiaz@example.com,2023-02-21
396,Randall,Pham,matthew43@example.com,2023-04-25
397,Rachel,Mason,bwinters@example.com,2023-04-06
398,Jeffrey,Hoffman,sandrabrown@example.net,2023-05-06
399,Christopher,Morrison,tayala@example.com,2023-03-11
400,Donald,Cisneros,richardsonjason@example.org,2023-04-16